Workbook

Sheet Sheet1
A1: PFASs | B1: Formal Name | C1: Deep Soil Concentration (µg/kg) | D1: Shallow Soil Concentration (µg/kg)
A2: PFBS | B2: perfluorobutane sulfonic acid | C2: 1.2 | D2: 5.4
A3: PFPeS | B3: perfluoropentane sulfonic acid | C3: 1.9 | D3: 23
A4: PFHxS | B4: perfluorohexane sulfonic acid | C4: 15 | D4: 210
A5: PFHpS | B5: perfluoroheptane sulfonic acid | C5: 2.1 | D5: 21
A6: PFOS | B6: perfluorooctane sulfonic acid | C6: 170 | D6: 1300
A7: PFBA | B7: perfluorobutanoic acid | C7: 5.9 | D7: 2.399
A8: PFPeA | B8: perfluoropentanoic acid | C8: 0.42 | D8: 0.8
A9: PFHxA | B9: perfluorohexanoic acid | C9: 0.0599 | D9: 5.5
A10: PFHpA | B10: perfluoroheptanoic acid | C10: 0.599 | D10: 1.5
A11: PFOA | B11: perfluorooctanoic acid | C11: 1.1 | D11: 6.4
A12: FOSA | B12: perfluorooctane sulfonamide | C12: 1.3 | D12: 11
A13: FHxSA | B13: perfluorohexane sulfonamide | C13: 110 | D13: 250
... A19: AmPr-FHxSA-Pra | B19: N-dimethyl ammonio propyl perfluorohexane sulfonamido propanoic acid | C19: 4.5 | D19: 70

Sheet PFHxS_Test_Plot_Avg
A1: Elevation (cm bgs) | B1: PFHxS
A2: 1 | B2: 1236.4325
A3: 2 | B3: 1270.7806
A4: 3 | B4: 1306.0286
A5: 4 | B5: 1341.2103
A6: 5 | B6: 1377.0822
A7: 6 | B7: 1423.8251
A8: 7 | B8: 1509.4902
A9: 8 | B9: 1614.6902
A10: 9 | B10: 1699.6464
A11: 10 | B11: 1788.5415
A12: 11 | B12: 1877.6338
A13: 12 | B13: 1965.036
... A81: 80 | B81: 9.3819475
A82: 81 | B82: 9.0264482 | E82: SB5_88 | F82: 88 | G82: 0.97841871 | H82: SB4_88 | I82: 88 | J82: 0.9604463 | K82: SB3_88 | L82: 88 | M82: 1.0818644 | N82: SB2_88 | O82: 88 | P82: 0 | Q82: SB1_88 | R82: 88 | S82: 0.99184728
A83: 82 | B83: 8.287118 | E83: SB5_89 | F83: 89 | G83: 0.23283282 | H83: SB4_89 | I83: 89 | J83: 0.21443796 | K83: SB3_89 | L83: 89 | M83: 0.32015139 | N83: SB2_89 | O83: 89 | P83: 0 | Q83: SB1_89 | R83: 89 | S83: 0.24469541
A84: 83 | B84: 7.1062822 | E84: SB5_90 | F84: 90 | G84: 0.24618155 | H84: SB4_90 | I84: 90 | J84: 0.22810556 | K84: SB3_90 | L84: 90 | M84: 0.31511119 | N84: SB2_90 | O84: 90 | P84: 0 | Q84: SB1_90 | R84: 90 | S84: 0.256394
A85: 84 | B85: 6.0256557
A86: 85 | B86: 6.0931139 | F86: =AVERAGE(G82,J82,M82,P82,S82) -> 0.80251533
A87: 86 | B87: 3.2299831 | F87: =AVERAGE(G83,J83,M83,P83,S83) -> 0.20242352
A88: 87 | B88: 1.6374321 | F88: =AVERAGE(G84,J84,M84,P84,S84) -> 0.20915846
A89: 88 | B89: 0.39611211
A90: 89 | B90: 0.20242352
A91: 90 | B91: 0.20915846
A92: 91 | B92: 1.0286144
A93: 92 | B93: 2.0759504
A94: 93 | B94: 2.2499499
A95: 94 | B95: 4.1817994
A96: 95 | B96: 6.7908797
A97: 96 | B97: 9.5257406
A98: 97 | B98: 12.007748
A99: 98 | B99: 17.694756
A100: 99 | B100: 18.60322
... A151: 150 | B151: 9.2980728

Sheet PFBS_Test_Plot_Avg
A1: Elevation (cm bgs) | B1: PFBS
A2: 1 | B2: 16.295996
A3: 2 | B3: 17.474249
A4: 3 | B4: 18.781977
A5: 4 | B5: 20.222273
A6: 5 | B6: 21.788475
A7: 6 | B7: 23.452641
A8: 7 | B8: 25.128428
A9: 8 | B9: 27.313154
A10: 9 | B10: 30.261936
A11: 10 | B11: 33.503227
A12: 11 | B12: 37.076244
A13: 12 | B13: 40.984695
... A151: 150 | B151: 0.9655425

Sheet SMP1_PFOS_AreaAvg
A1: Elevation (cm bgs) | B1: PFOS
A2: 1 | B2: 8146.5068
A3: 2 | B3: 8416.7119
A4: 3 | B4: 8731.3721
A5: 4 | B5: 9084.8594
A6: 5 | B6: 9503.6426
A7: 6 | B7: 9964.4082
A8: 7 | B8: 10447.057
A9: 8 | B9: 10940.423
A10: 9 | B10: 11407.151
A11: 10 | B11: 11697.465
A12: 11 | B12: 11714.987
A13: 12 | B13: 11053.823
... A151: 150 | B151: 421.60532

Sheet SMP2_PFOS_AreaAvg
A1: Elevation (cm bgs) | B1: PFOS
A2: 1 | B2: 8168.0181
A3: 2 | B3: 8440.5283
A4: 3 | B4: 8758.0938
A5: 4 | B5: 9115.3232
A6: 5 | B6: 9538.6826
A7: 6 | B7: 10003.563
A8: 7 | B8: 10490.125
A9: 8 | B9: 10988.938
A10: 9 | B10: 11463.383
A11: 10 | B11: 11760.121
A12: 11 | B12: 11781.455
A13: 12 | B13: 11114.731
... A151: 150 | B151: 507.23309

Sheet SMP3_PFOS_AreaAvg
A1: Elevation (cm bgs) | B1: PFOS
A2: 1 | B2: 8209.2529
A3: 2 | B3: 8478.0557
A4: 3 | B4: 8791.8594
A5: 4 | B5: 9152.3564
A6: 5 | B6: 9605.2012
A7: 6 | B7: 10127.899
A8: 7 | B8: 10676.242
A9: 8 | B9: 11278.22
A10: 9 | B10: 11843.547
A11: 10 | B11: 12318.978
A12: 11 | B12: 12636.963
A13: 12 | B13: 14294.595
... A151: 150 | B151: 304.97659

Sheet SMP1_PFOA_AreaAvg
A1: Elevation (cm bgs) | B1: PFOA
A2: 1 | B2: 23.711506
A3: 2 | B3: 23.884756
A4: 3 | B4: 24.083723
A5: 4 | B5: 24.317602
A6: 5 | B6: 24.602396
A7: 6 | B7: 24.971104
A8: 7 | B8: 25.519972
A9: 8 | B9: 27.674984
A10: 9 | B10: 28.412409
A11: 10 | B11: 29.156578
A12: 11 | B12: 29.936676
A13: 12 | B13: 30.778507
... A151: 150 | B151: 1.4120008

Sheet PFOS_Test_Plot_Avg
A1: Elevation (cm bgs) | B1: PFOS
A2: 1 | B2: 8174.5926
A3: 2 | B3: 8445.0986
A4: 3 | B4: 8760.4417
A5: 4 | B5: 9117.513
A6: 5 | B6: 9549.1755
A7: 6 | B7: 10031.957
A8: 7 | B8: 10537.808
A9: 8 | B9: 11069.193
A10: 9 | B10: 11571.36
A11: 10 | B11: 11925.521
A12: 11 | B12: 12044.468
A13: 12 | B13: 12154.383
... A151: 150 | B151: 411.27167

Sheet PFOA_Test_Plot_Avg
A1: Elevation (cm bgs) | B1: PFOA
A2: 1 | B2: 23.711995
A3: 2 | B3: 23.885216
A4: 3 | B4: 24.084147
A5: 4 | B5: 24.31798
A6: 5 | B6: 24.602709
A7: 6 | B7: 24.971301
A8: 7 | B8: 25.519761
A9: 8 | B9: 27.675273
A10: 9 | B10: 28.412593
A11: 10 | B11: 29.156766
A12: 11 | B12: 29.936867
A13: 12 | B13: 30.778685
... A151: 150 | B151: 1.4322343

Sheet SMP2_PFOA_AreaAvg
A1: Elevation (cm bgs) | B1: PFOA
A2: 1 | B2: 23.713062
A3: 2 | B3: 23.886236
A4: 3 | B4: 24.085114
A5: 4 | B5: 24.318892
A6: 5 | B6: 24.603565
A7: 6 | B7: 24.972132
A8: 7 | B8: 25.520914
A9: 8 | B9: 27.675144
A10: 9 | B10: 28.41283
A11: 10 | B11: 29.157133
A12: 11 | B12: 29.93733
A13: 12 | B13: 30.77924
... A151: 150 | B151: 1.29611

Sheet SMP3_PFOA_AreaAvg
A1: Elevation (cm bgs) | B1: PFOA
A2: 1 | B2: 23.711418
A3: 2 | B3: 23.884657
A4: 3 | B4: 24.083605
A5: 4 | B5: 24.317448
A6: 5 | B6: 24.602165
A7: 6 | B7: 24.970669
A8: 7 | B8: 25.518398
A9: 8 | B9: 27.675692
A10: 9 | B10: 28.412539
A11: 10 | B11: 29.156588
A12: 11 | B12: 29.936596
A13: 12 | B13: 30.778307
... A151: 150 | B151: 1.5885921

Sheet PFBS
A1: Location | B1: Elevation (cm bgs) | C1: Predicted
A2: SB1_1 | B2: 1 | C2: 16.296497
A3: SB1_2 | B3: 2 | C3: 17.474598
A4: SB1_3 | B4: 3 | C4: 18.782015
A5: SB1_4 | B5: 4 | C5: 20.221735
A6: SB1_5 | B6: 5 | C6: 21.786867
A7: SB1_6 | B7: 6 | C7: 23.448799
A8: SB1_7 | B8: 7 | C8: 25.117062
A9: SB1_8 | B9: 8 | C9: 27.313591
A10: SB1_9 | B10: 9 | C10: 30.261192
A11: SB1_10 | B11: 10 | C11: 33.502514
A12: SB1_11 | B12: 11 | C12: 37.075218
A13: SB1_12 | B13: 12 | C13: 40.982475
... A1201: SMP3_150 | B1201: 150 | C1201: 1.2929627

Sheet PFHxS
A1: Location | B1: Elevation (cm bgs) | C1: Predicted
A2: SB1_1 | B2: 1 | C2: 1233.6727
A3: SB1_2 | B3: 2 | C3: 1267.6028
A4: SB1_3 | B4: 3 | C4: 1302.2971
A5: SB1_4 | B5: 4 | C5: 1336.7045
A6: SB1_5 | B6: 5 | C6: 1369.217
A7: SB1_6 | B7: 6 | C7: 1397.0521
A8: SB1_7 | B8: 7 | C8: 1413.3666
A9: SB1_8 | B9: 8 | C9: 1615.4391
A10: SB1_9 | B10: 9 | C10: 1696.7913
A11: SB1_10 | B11: 10 | C11: 1783.3555
A12: SB1_11 | B12: 11 | C12: 1870.3915
A13: SB1_12 | B13: 12 | C13: 1955.3131
... A1201: SMP3_150 | B1201: 150 | C1201: 7.5574279

Sheet PFOS
A1: Location | B1: Elevation (cm bgs) | C1: Predicted | D1: Standard Error
A2: SB1_1 | B2: 1 | C2: 9012.3111 | D2: 3268712.8
A3: SB1_2 | B3: 2 | C3: 9296.9488 | D3: 2101490.2
A4: SB1_3 | B4: 3 | C4: 9630.5154 | D4: 1353645.7
A5: SB1_4 | B5: 4 | C5: 10014.04 | D5: 890686.09
A6: SB1_5 | B6: 5 | C6: 10350.011 | D6: 644512
A7: SB1_6 | B7: 6 | C7: 10818.566 | D7: 477577.65
A8: SB1_7 | B8: 7 | C8: 11308.173 | D8: 385450.02
A9: SB1_8 | B9: 8 | C9: 11788.892 | D9: 339540.14
A10: SB1_9 | B10: 9 | C10: 12219.089 | D10: 321265.06
A11: SB1_10 | B11: 10 | C11: 12550.66 | D11: 317024.1
A12: SB1_11 | B12: 11 | C12: 12738.486 | D12: 315980.02
A13: SB1_12 | B13: 12 | C13: 8801.7887 | D13: 66657.187
... A1201: SMP3_150 | B1201: 150 | C1201: 260.79699 | D1201: 462.44663

Sheet PFOA
A1: Location | B1: Elevation (cm bgs) | C1: Predicted | D1: Standard Error
A2: SB1_1 | B2: 1 | C2: 27.041587 | D2: 8.231173
A3: SB1_2 | B3: 2 | C3: 27.041587 | D3: 7.800235
A4: SB1_3 | B4: 3 | C4: 27.041587 | D4: 7.322084
A5: SB1_4 | B5: 4 | C5: 27.041587 | D5: 6.779004
A6: SB1_5 | B6: 5 | C6: 27.041587 | D6: 6.139116
A7: SB1_6 | B7: 6 | C7: 27.041587 | D7: 5.33357
A8: SB1_7 | B8: 7 | C8: 27.041587 | D8: 4.147454
A9: SB1_8 | B9: 8 | C9: 28.334665 | D9: 3.560531
A10: SB1_9 | B10: 9 | C10: 29.532307 | D10: 4.611426
A11: SB1_10 | B11: 10 | C11: 30.594715 | D11: 5.083355
A12: SB1_11 | B12: 11 | C12: 31.611104 | D12: 5.279178
A13: SB1_12 | B13: 12 | C13: 32.616213 | D13: 5.264998
... A1201: SMP3_150 | B1201: 150 | C1201: 1.727433 | D1201: 5.462619

Sheet SMP1_PFOS
A1: Elevation (cm bgs) | B1: PFOS | C1: Standard Error
A2: 1 | B2: =PFOS!C752 -> 8564.0401 | C2: =PFOS!D752 -> 611613.28
A3: 2 | B3: =PFOS!C753 -> 8902.7998 | C3: =PFOS!D753 -> 276017.32
A4: 3 | B4: =PFOS!C754 -> 9302.5968 | C4: =PFOS!D754 -> 117418.59
A5: 4 | B5: =PFOS!C755 -> 9760.2552 | C5: =PFOS!D755 -> 49738.935
A6: 5 | B6: =PFOS!C756 -> 10318.422 | C6: =PFOS!D756 -> 28147.861
A7: 6 | B7: =PFOS!C757 -> 10962.689 | C7: =PFOS!D757 -> 22250.592
A8: 7 | B8: =PFOS!C758 -> 11693.795 | C8: =PFOS!D758 -> 20883.585
A9: 8 | B9: =PFOS!C759 -> 12480.385 | C9: =PFOS!D759 -> 21252.845
A10: 9 | B10: =PFOS!C760 -> 13230.363 | C10: =PFOS!D760 -> 22623.557
A11: 10 | B11: =PFOS!C761 -> 13805.335 | C11: =PFOS!D761 -> 24255.845
A12: 11 | B12: =PFOS!C762 -> 12960.633 | C12: =PFOS!D762 -> 22855.572
A13: 12 | B13: =PFOS!C763 -> 11976.923 | C13: =PFOS!D763 -> 20880.004
... A151: 150 | B151: =PFOS!C901 -> 417.96909 | C151: =PFOS!D901 -> 855.05328

Sheet SMP1_PFBS
A1: Elevation (cm bgs) | B1: PFBS
A2: 1 | B2: =PFBS!C752 -> 16.298092
A3: 2 | B3: =PFBS!C753 -> 17.476681
A4: 3 | B4: =PFBS!C754 -> 18.784813
A5: 4 | B5: =PFBS!C755 -> 20.225639
A6: 5 | B6: =PFBS!C756 -> 21.792673
A7: 6 | B7: =PFBS!C757 -> 23.458599
A8: 7 | B8: =PFBS!C758 -> 25.141527
A9: 8 | B9: =PFBS!C759 -> 27.313137
A10: 9 | B10: =PFBS!C760 -> 30.264965
A11: 10 | B11: =PFBS!C761 -> 33.50808
A12: 11 | B12: =PFBS!C762 -> 37.08305
A13: 12 | B13: =PFBS!C763 -> 40.993816
... A151: 150 | B151: =PFBS!C901 -> 0.87532932

Sheet SMP1_PFHxS
A1: Elevation (cm bgs) | B1: PFHxS
A2: 1 | B2: =PFHxS!C752 -> 1237.9518
A3: 2 | B3: =PFHxS!C753 -> 1272.7684
A4: 3 | B4: =PFHxS!C754 -> 1308.6362
A5: 4 | B5: =PFHxS!C755 -> 1344.6832
A6: 5 | B6: =PFHxS!C756 -> 1379.7164
A7: 6 | B7: =PFHxS!C757 -> 1412.0894
A8: 7 | B8: =PFHxS!C758 -> 1437.7761
A9: 8 | B9: =PFHxS!C759 -> 1613.1138
A10: 9 | B10: =PFHxS!C760 -> 1701.4263
A11: 10 | B11: =PFHxS!C761 -> 1792.6545
A12: 11 | B12: =PFHxS!C762 -> 1883.7985
A13: 12 | B13: =PFHxS!C763 -> 1973.7042
... A151: 150 | B151: =PFHxS!C901 -> 8.6928787

Sheet SMP1_PFOA
A1: Elevation (cm bgs) | B1: PFOA | C1: Standard Error
A2: 1 | B2: =PFOA!C752 -> 23.711793 | C2: =PFOA!D752 -> 8.282867
A3: 2 | B3: =PFOA!C753 -> 23.885137 | C3: =PFOA!D753 -> 7.844263
A4: 3 | B4: =PFOA!C754 -> 24.084243 | C4: =PFOA!D754 -> 7.357542
A5: 4 | B5: =PFOA!C755 -> 24.31835 | C5: =PFOA!D755 -> 6.804677
A6: 5 | B6: =PFOA!C756 -> 24.603579 | C6: =PFOA!D756 -> 6.153196
A7: 6 | B7: =PFOA!C757 -> 24.973391 | C7: =PFOA!D757 -> 5.332611
A8: 7 | B8: =PFOA!C758 -> 25.528215 | C8: =PFOA!D758 -> 4.115077
A9: 8 | B9: =PFOA!C759 -> 27.671973 | C9: =PFOA!D759 -> 3.518377
A10: 9 | B10: =PFOA!C760 -> 28.412413 | C10: =PFOA!D760 -> 4.611289
A11: 10 | B11: =PFOA!C761 -> 29.157193 | C11: =PFOA!D761 -> 5.095956
A12: 11 | B12: =PFOA!C762 -> 29.937771 | C12: =PFOA!D762 -> 5.303449
A13: 12 | B13: =PFOA!C763 -> 30.780252 | C13: =PFOA!D763 -> 5.29858
... A151: 150 | B151: =PFOA!C901 -> 1.407591 | C151: =PFOA!D901 -> 5.286858

Sheet SMP2_PFOS
A1: Elevation (cm bgs) | B1: PFOS | C1: Standard Error
A2: 1 | B2: =PFOS!C902 -> 8293.2538 | C2: =PFOS!D902 -> 703501.68
A3: 2 | B3: =PFOS!C903 -> 8601.9371 | C3: =PFOS!D903 -> 335788.57
A4: 3 | B4: =PFOS!C904 -> 8964.5174 | C4: =PFOS!D904 -> 153007.11
A5: 4 | B5: =PFOS!C905 -> 9384.3913 | C5: =PFOS!D905 -> 70321.101
A6: 5 | B6: =PFOS!C906 -> 9832.4611 | C6: =PFOS!D906 -> 35722.552
A7: 6 | B7: =PFOS!C907 -> 10394.892 | C7: =PFOS!D907 -> 25726.051
A8: 7 | B8: =PFOS!C908 -> 11011.494 | C8: =PFOS!D908 -> 22980.829
A9: 8 | B9: =PFOS!C909 -> 11643.508 | C9: =PFOS!D909 -> 22783.674
A10: 9 | B10: =PFOS!C910 -> 12210.903 | C10: =PFOS!D910 -> 23682.512
A11: 10 | B11: =PFOS!C911 -> 12605.747 | C11: =PFOS!D911 -> 24825.33
A12: 11 | B12: =PFOS!C912 -> 12729.995 | C12: =PFOS!D912 -> 25355.209
A13: 12 | B13: =PFOS!C913 -> 12639.353 | C13: =PFOS!D913 -> 24423.546
... A151: 150 | B151: =PFOS!C1051 -> 428.9606 | C151: =PFOS!D1051 -> 1206.9394

Sheet SMP2_PFHxS
A1: Elevation (cm bgs) | B1: PFHxS
A2: 1 | B2: =PFHxS!C902 -> 1238.5333
A3: 2 | B3: =PFHxS!C903 -> 1273.2235
A4: 3 | B4: =PFHxS!C904 -> 1308.9271
A5: 4 | B5: =PFHxS!C905 -> 1344.7469
A6: 5 | B6: =PFHxS!C906 -> 1379.4299
A7: 6 | B7: =PFHxS!C907 -> 1411.1445
A8: 7 | B8: =PFHxS!C908 -> 1435.1863
A9: 8 | B9: =PFHxS!C909 -> 1613.7024
A10: 9 | B10: =PFHxS!C910 -> 1700.886
A11: 10 | B11: =PFHxS!C911 -> 1791.6191
A12: 11 | B12: =PFHxS!C912 -> 1882.3787
A13: 12 | B13: =PFHxS!C913 -> 1971.7928
... A151: 150 | B151: =PFHxS!C1051 -> 9.9307518

Sheet SMP2_PFBS
A1: Elevation (cm bgs) | B1: PFBS
A2: 1 | B2: =PFBS!C902 -> 16.295366
A3: 2 | B3: =PFBS!C903 -> 17.473742
A4: 3 | B4: =PFBS!C904 -> 18.781738
A5: 4 | B5: =PFBS!C905 -> 20.222548
A6: 5 | B6: =PFBS!C906 -> 21.789717
A7: 6 | B7: =PFBS!C907 -> 23.4559
A8: 7 | B8: =PFBS!C908 -> 25.138371
A9: 8 | B9: =PFBS!C909 -> 27.312622
A10: 9 | B10: =PFBS!C910 -> 30.2623
A11: 10 | B11: =PFBS!C911 -> 33.503433
A12: 11 | B12: =PFBS!C912 -> 37.076611
A13: 12 | B13: =PFBS!C913 -> 40.986031
... A151: 150 | B151: =PFBS!C1051 -> 0.91169989

Sheet SMP2_PFOA
A1: Elevation (cm bgs) | B1: PFOA | C1: Standard Error
A2: 1 | B2: =PFOA!C902 -> 23.711633 | C2: =PFOA!D902 -> 8.282919
A3: 2 | B3: =PFOA!C903 -> 23.884952 | C3: =PFOA!D903 -> 7.844333
A4: 3 | B4: =PFOA!C904 -> 24.084022 | C4: =PFOA!D904 -> 7.357643
A5: 4 | B5: =PFOA!C905 -> 24.318071 | C5: =PFOA!D905 -> 6.804833
A6: 5 | B6: =PFOA!C906 -> 24.60319 | C6: =PFOA!D906 -> 6.153469
A7: 6 | B7: =PFOA!C907 -> 24.972726 | C7: =PFOA!D907 -> 5.333222
A8: 7 | B8: =PFOA!C908 -> 25.526049 | C8: =PFOA!D908 -> 4.117956
A9: 8 | B9: =PFOA!C909 -> 27.672578 | C9: =PFOA!D909 -> 3.524092
A10: 9 | B10: =PFOA!C910 -> 28.41223 | C10: =PFOA!D910 -> 4.612002
A11: 10 | B11: =PFOA!C911 -> 29.156847 | C11: =PFOA!D911 -> 5.096258
A12: 11 | B12: =PFOA!C912 -> 29.937292 | C12: =PFOA!D912 -> 5.303649
A13: 12 | B13: =PFOA!C913 -> 30.779599 | C13: =PFOA!D913 -> 5.29878
... A151: 150 | B151: =PFOA!C1051 -> 1.28877 | C151: =PFOA!D1051 -> 5.463152

Sheet SMP3_PFOS
A1: Elevation (cm bgs) | B1: PFOS | C1: Standard Error
A2: 1 | B2: =PFOS!C1052 -> 8802.4128 | C2: =PFOS!D1052 -> 770839.79
A3: 2 | B3: =PFOS!C1053 -> 9150.1407 | C3: =PFOS!D1053 -> 363552.68
A4: 3 | B4: =PFOS!C1054 -> 9561.1846 | C4: =PFOS!D1054 -> 162640.08
A5: 4 | B5: =PFOS!C1055 -> 10041.723 | C5: =PFOS!D1055 -> 72993.683
A6: 5 | B6: =PFOS!C1056 -> 10727.958 | C6: =PFOS!D1056 -> 39309.345
A7: 6 | B7: =PFOS!C1057 -> 11407.685 | C7: =PFOS!D1057 -> 27639.876
A8: 7 | B8: =PFOS!C1058 -> 12176.217 | C8: =PFOS!D1058 -> 24612.938
A9: 8 | B9: =PFOS!C1059 -> 12999.552 | C9: =PFOS!D1059 -> 24638.489
A10: 9 | B10: =PFOS!C1060 -> 13790.41 | C10: =PFOS!D1060 -> 26112.296
A11: 10 | B11: =PFOS!C1061 -> 14420.645 | C11: =PFOS!D1061 -> 28106.198
A12: 11 | B12: =PFOS!C1062 -> 14767.793 | C12: =PFOS!D1062 -> 29491.824
A13: 12 | B13: =PFOS!C1063 -> 18221.713 | C13: =PFOS!D1063 -> 38511.585
... A151: 150 | B151: =PFOS!C1201 -> 260.79699 | C151: =PFOS!D1201 -> 462.44663

Sheet SMP3_PFBS
A1: Elevation (cm bgs) | B1: PFBS
A2: 1 | B2: =PFBS!C1052 -> 16.295467
A3: 2 | B3: =PFBS!C1053 -> 17.473869
A4: 3 | B4: =PFBS!C1054 -> 18.781904
A5: 4 | B5: =PFBS!C1055 -> 20.222773
A6: 5 | B6: =PFBS!C1056 -> 21.790041
A7: 6 | B7: =PFBS!C1057 -> 23.45643
A8: 7 | B8: =PFBS!C1058 -> 25.139648
A9: 8 | B9: =PFBS!C1059 -> 27.312727
A10: 9 | B10: =PFBS!C1060 -> 30.26264
A11: 10 | B11: =PFBS!C1061 -> 33.503883
A12: 11 | B12: =PFBS!C1062 -> 37.077198
A13: 12 | B13: =PFBS!C1063 -> 40.98682
... A151: 150 | B151: =PFBS!C1201 -> 1.2929627

Sheet SMP3_PFHxS
A1: Elevation (cm bgs) | B1: PFHxS
A2: 1 | B2: =PFHxS!C1052 -> 1239.1582
A3: 2 | B3: =PFHxS!C1053 -> 1273.9155
A4: 3 | B4: =PFHxS!C1054 -> 1309.703
A5: 4 | B5: =PFHxS!C1055 -> 1345.6338
A6: 5 | B6: =PFHxS!C1056 -> 1380.4788
A7: 6 | B7: =PFHxS!C1057 -> 1497.7635
A8: 7 | B8: =PFHxS!C1058 -> 1548.0385
A9: 8 | B9: =PFHxS!C1059 -> 1614.7649
A10: 9 | B10: =PFHxS!C1060 -> 1702.5444
A11: 10 | B11: =PFHxS!C1061 -> 1793.6445
A12: 11 | B12: =PFHxS!C1062 -> 1884.7371
A13: 12 | B13: =PFHxS!C1063 -> 1974.5446
... A151: 150 | B151: =PFHxS!C1201 -> 7.5574279

Sheet SMP3_PFOA
A1: Elevation (cm bgs) | B1: PFOA | C1: Standard Error
A2: 1 | B2: =PFOA!C1052 -> 23.71186 | C2: =PFOA!D1052 -> 8.28292
A3: 2 | B3: =PFOA!C1053 -> 23.885196 | C3: =PFOA!D1053 -> 7.844327
A4: 3 | B4: =PFOA!C1054 -> 24.084288 | C4: =PFOA!D1054 -> 7.357625
A5: 4 | B5: =PFOA!C1055 -> 24.318369 | C5: =PFOA!D1055 -> 6.804792
A6: 5 | B6: =PFOA!C1056 -> 24.603543 | C6: =PFOA!D1056 -> 6.153379
A7: 6 | B7: =PFOA!C1057 -> 24.973205 | C7: =PFOA!D1057 -> 5.33299
A8: 7 | B8: =PFOA!C1058 -> 25.527168 | C8: =PFOA!D1058 -> 4.116769
A9: 8 | B9: =PFOA!C1059 -> 27.672727 | C9: =PFOA!D1059 -> 3.521717
A10: 9 | B10: =PFOA!C1060 -> 28.412732 | C10: =PFOA!D1060 -> 4.611725
A11: 10 | B11: =PFOA!C1061 -> 29.157442 | C11: =PFOA!D1061 -> 5.096159
A12: 11 | B12: =PFOA!C1062 -> 29.937971 | C12: =PFOA!D1062 -> 5.303597
A13: 12 | B13: =PFOA!C1063 -> 30.780382 | C13: =PFOA!D1063 -> 5.298733
... A151: 150 | B151: =PFOA!C1201 -> 1.727433 | C151: =PFOA!D1201 -> 5.462619

Sheet SB1
A1: Elevation (cm bgs) | B1: PFOA | C1: Standard Error | D1: PFOS | E1: Standard Error
A2: 1 | B2: =PFOA!C2 -> 27.041587 | C2: =PFOA!D2 -> 8.231173 | D2: =PFOS!C2 -> 9012.3111 | E2: =PFOS!D2 -> 3268712.8
A3: 2 | B3: =PFOA!C3 -> 27.041587 | C3: =PFOA!D3 -> 7.800235 | D3: =PFOS!C3 -> 9296.9488 | E3: =PFOS!D3 -> 2101490.2
A4: 3 | B4: =PFOA!C4 -> 27.041587 | C4: =PFOA!D4 -> 7.322084 | D4: =PFOS!C4 -> 9630.5154 | E4: =PFOS!D4 -> 1353645.7
A5: 4 | B5: =PFOA!C5 -> 27.041587 | C5: =PFOA!D5 -> 6.779004 | D5: =PFOS!C5 -> 10014.04 | E5: =PFOS!D5 -> 890686.09
A6: 5 | B6: =PFOA!C6 -> 27.041587 | C6: =PFOA!D6 -> 6.139116 | D6: =PFOS!C6 -> 10350.011 | E6: =PFOS!D6 -> 644512
A7: 6 | B7: =PFOA!C7 -> 27.041587 | C7: =PFOA!D7 -> 5.33357 | D7: =PFOS!C7 -> 10818.566 | E7: =PFOS!D7 -> 477577.65
A8: 7 | B8: =PFOA!C8 -> 27.041587 | C8: =PFOA!D8 -> 4.147454 | D8: =PFOS!C8 -> 11308.173 | E8: =PFOS!D8 -> 385450.02
A9: 8 | B9: =PFOA!C9 -> 28.334665 | C9: =PFOA!D9 -> 3.560531 | D9: =PFOS!C9 -> 11788.892 | E9: =PFOS!D9 -> 339540.14
A10: 9 | B10: =PFOA!C10 -> 29.532307 | C10: =PFOA!D10 -> 4.611426 | D10: =PFOS!C10 -> 12219.089 | E10: =PFOS!D10 -> 321265.06
A11: 10 | B11: =PFOA!C11 -> 30.594715 | C11: =PFOA!D11 -> 5.083355 | D11: =PFOS!C11 -> 12550.66 | E11: =PFOS!D11 -> 317024.1
A12: 11 | B12: =PFOA!C12 -> 31.611104 | C12: =PFOA!D12 -> 5.279178 | D12: =PFOS!C12 -> 12738.486 | E12: =PFOS!D12 -> 315980.02
A13: 12 | B13: =PFOA!C13 -> 32.616213 | C13: =PFOA!D13 -> 5.264998 | D13: =PFOS!C13 -> 8801.7887 | E13: =PFOS!D13 -> 66657.187
... A151: 150 | B151: =PFOA!C151 -> 1.507254 | C151: =PFOA!D151 -> 5.480836 | D151: =PFOS!C151 -> 320.69819 | E151: =PFOS!D151 -> 511.57496

Sheet SB2
A1: Elevation (cm bgs) | B1: PFOA | C1: Standard Error | D1: PFOS | E1: Standard Error
A2: 1 | B2: =PFOA!C152 -> 24.002581 | C2: =PFOA!D152 -> 8.243267 | D2: =PFOS!C152 -> 9063.3889 | E2: =PFOS!D152 -> 308639.87
A3: 2 | B3: =PFOA!C153 -> 24.160866 | C3: =PFOA!D153 -> 7.807752 | D3: =PFOS!C153 -> 9464.8871 | E3: =PFOS!D153 -> 108722.9
A4: 3 | B4: =PFOA!C154 -> 24.342697 | C4: =PFOA!D154 -> 7.324533 | D4: =PFOS!C154 -> 9935.4397 | E4: =PFOS!D154 -> 37466.759
A5: 4 | B5: =PFOA!C155 -> 24.556536 | C5: =PFOA!D155 -> 6.775681 | D5: =PFOS!C155 -> 10471.939 | E5: =PFOS!D155 -> 20712.287
A6: 5 | B6: =PFOA!C156 -> 24.817179 | C6: =PFOA!D156 -> 6.12883 | D6: =PFOS!C156 -> 11076.134 | E6: =PFOS!D156 -> 16237.467
A7: 6 | B7: =PFOA!C157 -> 25.155484 | C7: =PFOA!D157 -> 5.31339 | D7: =PFOS!C157 -> 11720.111 | E7: =PFOS!D157 -> 12380.152
A8: 7 | B8: =PFOA!C158 -> 25.666088 | C8: =PFOA!D158 -> 4.097004 | D8: =PFOS!C158 -> 12358.87 | E8: =PFOS!D158 -> 7591.1461
A9: 8 | B9: =PFOA!C159 -> 27.713691 | C9: =PFOA!D159 -> 3.498319 | D9: =PFOS!C159 -> 13544.258 | E9: =PFOS!D159 -> 6375.9141
A10: 9 | B10: =PFOA!C160 -> 28.489657 | C10: =PFOA!D160 -> 4.604402 | D10: =PFOS!C160 -> 15448.399 | E10: =PFOS!D160 -> 13578.595
A11: 10 | B11: =PFOA!C161 -> 29.256899 | C11: =PFOA!D161 -> 5.08837 | D11: =PFOS!C161 -> 16853.229 | E11: =PFOS!D161 -> 18894.818
A12: 11 | B12: =PFOA!C162 -> 30.054022 | C12: =PFOA!D162 -> 5.294584 | D12: =PFOS!C162 -> 17648.056 | E12: =PFOS!D162 -> 21864.596
A13: 12 | B13: =PFOA!C163 -> 30.908052 | C13: =PFOA!D163 -> 5.288659 | D13: =PFOS!C163 -> 17774.6 | E13: =PFOS!D163 -> 21879.478
... A151: 150 | B151: =PFOA!C301 -> 1.407201 | C151: =PFOA!D301 -> 5.28708 | D151: =PFOS!C301 -> 320.87738 | E151: =PFOS!D301 -> 497.117

Sheet SB3
A1: Elevation (cm bgs) | B1: PFOA | C1: Standard Error | D1: PFOS | E1: Standard Error
A2: 1 | B2: =PFOA!C302 -> 25.066988 | C2: =PFOA!D302 -> 8.129048 | D2: =PFOS!C302 -> 9443.7733 | E2: =PFOS!D302 -> 4031576
A3: 2 | B3: =PFOA!C303 -> 25.169652 | C3: =PFOA!D303 -> 7.702941 | D3: =PFOS!C303 -> 9778.589 | E3: =PFOS!D303 -> 2621136.9
A4: 3 | B4: =PFOA!C304 -> 25.287537 | C4: =PFOA!D304 -> 7.230566 | D4: =PFOS!C304 -> 10174.121 | E4: =PFOS!D304 -> 1708552.1
A5: 4 | B5: =PFOA!C305 -> 25.426069 | C5: =PFOA!D305 -> 6.694529 | D5: =PFOS!C305 -> 10634.21 | E5: =PFOS!D305 -> 1138493.8
A6: 5 | B6: =PFOA!C306 -> 25.594669 | C6: =PFOA!D306 -> 6.063491 | D6: =PFOS!C306 -> 11159.617 | E6: =PFOS!D306 -> 794037.04
A7: 6 | B7: =PFOA!C307 -> 25.812638 | C7: =PFOA!D307 -> 5.26967 | D7: =PFOS!C307 -> 12893.32 | E7: =PFOS!D307 -> 673505.81
A8: 7 | B8: =PFOA!C308 -> 26.134629 | C8: =PFOA!D308 -> 4.100996 | D8: =PFOS!C308 -> 13619.047 | E8: =PFOS!D308 -> 551973.77
A9: 8 | B9: =PFOA!C309 -> 27.889913 | C9: =PFOA!D309 -> 3.553031 | D9: =PFOS!C309 -> 14377.654 | E9: =PFOS!D309 -> 494454.13
A10: 9 | B10: =PFOA!C310 -> 28.773519 | C10: =PFOA!D310 -> 4.599049 | D10: =PFOS!C310 -> 15124.155 | E10: =PFOS!D310 -> 476354.57
A11: 10 | B11: =PFOA!C311 -> 29.619213 | C11: =PFOA!D311 -> 5.072408 | D11: =PFOS!C311 -> 15801.695 | E11: =PFOS!D311 -> 478887.2
A12: 11 | B12: =PFOA!C312 -> 30.474285 | C12: =PFOA!D312 -> 5.272217 | D12: =PFOS!C312 -> 16351.865 | E12: =PFOS!D312 -> 485996.61
A13: 12 | B13: =PFOA!C313 -> 31.367256 | C13: =PFOA!D313 -> 5.262463 | D13: =PFOS!C313 -> 16726.975 | E13: =PFOS!D313 -> 485725.87
... A151: 150 | B151: =PFOA!C451 -> 1.557633 | C151: =PFOA!D451 -> 5.287218 | D151: =PFOS!C451 -> 201.04321 | E151: =PFOS!D451 -> 341.45515

Sheet SB4
A1: Elevation (cm bgs) | B1: PFOA | C1: Standard Error | D1: PFOS | E1: Standard Error
A2: 1 | B2: =PFOA!C452 -> 23.711306 | C2: =PFOA!D452 -> 8.283366 | D2: =PFOS!C452 -> 8466.2045 | E2: =PFOS!D452 -> 2713260.3
A3: 2 | B3: =PFOA!C453 -> 23.884494 | C3: =PFOA!D453 -> 7.844909 | D3: =PFOS!C453 -> 8734.5912 | E3: =PFOS!D453 -> 1719519.8
A4: 3 | B4: =PFOA!C454 -> 24.08336 | C4: =PFOA!D454 -> 7.358426 | D4: =PFOS!C454 -> 9045.5996 | E4: =PFOS!D454 -> 1089631.2
A5: 4 | B5: =PFOA!C455 -> 24.317062 | C5: =PFOA!D455 -> 6.805983 | D5: =PFOS!C455 -> 9398.596 | E5: =PFOS!D455 -> 704080.59
A6: 5 | B6: =PFOA!C456 -> 24.601497 | C6: =PFOA!D456 -> 6.155395 | D6: =PFOS!C456 -> 9789.0933 | E6: =PFOS!D456 -> 475225.87
A7: 6 | B7: =PFOA!C457 -> 24.969258 | C7: =PFOA!D457 -> 5.337379 | D7: =PFOS!C457 -> 10206.085 | E7: =PFOS!D457 -> 343368.24
A8: 7 | B8: =PFOA!C458 -> 25.512856 | C8: =PFOA!D458 -> 4.136826 | D8: =PFOS!C458 -> 9230.7526 | E8: =PFOS!D458 -> 148397.07
A9: 8 | B9: =PFOA!C459 -> 27.678264 | C9: =PFOA!D459 -> 3.56047 | D9: =PFOS!C459 -> 9464.3367 | E9: =PFOS!D459 -> 121018.85
A10: 9 | B10: =PFOA!C460 -> 28.412995 | C10: =PFOA!D460 -> 4.616821 | D10: =PFOS!C460 -> 9609.098 | E10: =PFOS!D460 -> 104982.34
A11: 10 | B11: =PFOA!C461 -> 29.156644 | C11: =PFOA!D461 -> 5.098384 | D11: =PFOS!C461 -> 9622.7015 | E11: =PFOS!D461 -> 93668.328
A12: 11 | B12: =PFOA!C462 -> 29.936348 | C12: =PFOA!D462 -> 5.305132 | D12: =PFOS!C462 -> 9470.1526 | E12: =PFOS!D462 -> 82947.258
A13: 12 | B13: =PFOA!C463 -> 30.777643 | C13: =PFOA!D463 -> 5.300281 | D13: =PFOS!C463 -> 9132.4795 | E13: =PFOS!D463 -> 71029.603
... A151: 150 | B151: =PFOA!C601 -> 1.407039 | C151: =PFOA!D601 -> 5.290486 | D151: =PFOS!C601 -> 632.17434 | E151: =PFOS!D601 -> 11186.812

Sheet SB5
A1: Elevation (cm bgs) | B1: PFOA | C1: Standard Error | D1: PFOS | E1: Standard Error
A2: 1 | B2: =PFOA!C602 -> 23.710974 | C2: =PFOA!D602 -> 8.283328 | D2: =PFOS!C602 -> 7561.8594 | E2: =PFOS!D602 -> 1918208.3
A3: 2 | B3: =PFOA!C603 -> 23.884146 | C3: =PFOA!D603 -> 7.844872 | D3: =PFOS!C603 -> 7752.2351 | E3: =PFOS!D603 -> 1173879.7
A4: 3 | B4: =PFOA!C604 -> 24.082992 | C4: =PFOA!D604 -> 7.358392 | D4: =PFOS!C604 -> 7967.3396 | E4: =PFOS!D604 -> 714694.84
A5: 4 | B5: =PFOA!C605 -> 24.316671 | C5: =PFOA!D605 -> 6.805957 | D5: =PFOS!C605 -> 8202.1205 | E5: =PFOS!D605 -> 441000.86
A6: 5 | B6: =PFOA!C606 -> 24.601074 | C6: =PFOA!D606 -> 6.155384 | D6: =PFOS!C606 -> 8468.5985 | E6: =PFOS!D606 -> 266833.26
A7: 6 | B7: =PFOA!C607 -> 24.968779 | C7: =PFOA!D607 -> 5.337415 | D7: =PFOS!C607 -> 8753.7418 | E7: =PFOS!D607 -> 184370.61
A8: 7 | B8: =PFOA!C608 -> 25.512156 | C8: =PFOA!D608 -> 4.137168 | D8: =PFOS!C608 -> 9022.4219 | E8: =PFOS!D608 -> 138051.94
A9: 8 | B9: =PFOA!C609 -> 27.677557 | C9: =PFOA!D609 -> 3.561161 | D9: =PFOS!C609 -> 9243.5031 | E9: =PFOS!D609 -> 112026.92
A10: 9 | B10: =PFOA!C610 -> 28.412143 | C10: =PFOA!D610 -> 4.616874 | D10: =PFOS!C610 -> 9378.2134 | E10: =PFOS!D610 -> 96623.35
A11: 10 | B11: =PFOA!C611 -> 29.155721 | C11: =PFOA!D611 -> 5.098372 | D11: =PFOS!C611 -> 9386.1802 | E11: =PFOS!D611 -> 85705.08
A12: 11 | B12: =PFOA!C612 -> 29.935352 | C12: =PFOA!D612 -> 5.305097 | D12: =PFOS!C612 -> 9234.3412 | E12: =PFOS!D612 -> 75518.668
A13: 12 | B13: =PFOA!C613 -> 30.776563 | C13: =PFOA!D613 -> 5.300237 | D13: =PFOS!C613 -> 8905.1967 | E13: =PFOS!D613 -> 64470.29
... A151: 150 | B151: =PFOA!C751 -> 1.288688 | C151: =PFOA!D751 -> 5.465198 | D151: =PFOS!C751 -> 542.44368 | E151: =PFOS!D751 -> 9846.7349

Sheet Sheet9
C1: L-1 | D1: L-2, L-3, L-4 | E1: L-5 | F1: L-6 | G1: L-7 | H1: L-8, L-9, L-10 | I1: L-11
C2: PFOA
B3: PFOA_1
B4: PFOA_2
B5: PFOA_3
B6: PFOA_4
B7: PFOA_5
B8: PFOA_6
B9: PFOA_7
B10: PFOA_8
B11: PFOA_9
B12: PFOA_10
B13: PFOA_11
B14: PFOA_12
... B152: PFOA_150

Sheet L-1
A1: Elevation (cm bgs) | B1: PFOA | C1: PFOS
A2: 1 | B2: 23.711 | C2: 7774.79
A3: 2 | B3: 23.884199 | C3: 7974.5
A4: 3 | B4: 24.083 | C4: 8200.7598
A5: 4 | B5: 24.3167 | C5: 8448.8301
A6: 5 | B6: 24.601101 | C6: 8820.6602
A7: 6 | B7: 24.9687 | C7: 9134.6396
A8: 7 | B8: 25.5114 | C8: 9437.25
A9: 8 | B9: 27.678101 | C9: 8637.5801
A10: 9 | B10: 28.412399 | C10: 8740.5801
A11: 10 | B11: 29.156 | C11: 9935.2402
A12: 11 | B12: 29.9356 | C12: 9836.4404
A13: 12 | B13: 30.776699 | C13: 7090.23
... A151: 150 | B151: 1.28868 | C151: 638.60901

Sheet L-234
A1: Elevation (cm bgs) | B1: PFOA | C1: PFOS
A2: 1 | B2: 23.7115 | C2: 8287.21
A3: 2 | B3: 23.8848 | C3: 8570.2998
A4: 3 | B4: 24.083799 | C4: 8900.3701
A5: 4 | B5: 24.317699 | C5: 9278.1201
A6: 5 | B6: 24.6026 | C6: 9785.0801
A7: 6 | B7: 24.9715 | C7: 10290.1
A8: 7 | B8: 25.5214 | C8: 9892.6699
A9: 8 | B9: 27.674601 | C9: 10313.8
A10: 9 | B10: 28.4125 | C10: 11796.7
A11: 10 | B11: 29.156799 | C11: 12096.6
A12: 11 | B12: 29.936899 | C12: 12176.9
A13: 12 | B13: 30.7789 | C13: 10511.5
... A151: 150 | B151: 1.40762 | C151: 493.237

Sheet L-5
A1: Elevation (cm bgs) | B1: PFOA | C1: PFOS
A2: 1 | B2: 24.002501 | C2: 8826.7002
A3: 2 | B3: 24.1607 | C3: 9207.2305
A4: 3 | B4: 24.342501 | C4: 9654.9902
A5: 4 | B5: 24.5564 | C5: 10127.7
A6: 5 | B6: 24.8169 | C6: 10725.4
A7: 6 | B7: 25.1551 | C7: 11413.8
A8: 7 | B8: 25.664801 | C8: 12253
A9: 8 | B9: 27.7141 | C9: 13360.3
A10: 9 | B10: 28.4895 | C10: 14617.2
A11: 10 | B11: 29.256599 | C11: 15173.1
A12: 11 | B12: 30.053699 | C12: 15677.9
A13: 12 | B13: 30.9076 | C13: 16286.4
... A151: 150 | B151: 1.40719 | C151: 369.52301

Sheet L-6
A1: Elevation (cm bgs) | B1: PFOA | C1: PFOS
A2: 1 | B2: 23.712 | C2: 8768.4902
A3: 2 | B3: 23.885401 | C3: 9142.8799
A4: 3 | B4: 24.084499 | C4: 9583.9297
A5: 4 | B5: 24.3188 | C5: 10046.2
A6: 5 | B6: 24.6042 | C6: 10641.2
A7: 6 | B7: 24.9746 | C7: 11333.1
A8: 7 | B8: 25.5327 | C8: 12173.6
A9: 8 | B9: 27.6703 | C9: 13228.5
A10: 9 | B10: 28.412399 | C10: 14378.2
A11: 10 | B11: 29.157499 | C11: 15319.3
A12: 11 | B12: 29.938299 | C12: 15826.6
A13: 12 | B13: 30.7812 | C13: 15879.7
... A151: 150 | B151: 1.28881 | C151: 351.03101

Sheet L-7
A1: Elevation (cm bgs) | B1: PFOA | C1: PFOS
A2: 1 | B2: 23.712 | C2: 8791.5303
A3: 2 | B3: 23.885401 | C3: 9169.0703
A4: 3 | B4: 24.0846 | C4: 9613.54
A5: 4 | B5: 24.3188 | C5: 10080.5
A6: 5 | B6: 24.6043 | C6: 10677.1
A7: 6 | B7: 24.974701 | C7: 11368.2
A8: 7 | B8: 25.5329 | C8: 12209.7
A9: 8 | B9: 27.6702 | C9: 13289.7
A10: 9 | B10: 28.412399 | C10: 14488.2
A11: 10 | B11: 29.157499 | C11: 15471.9
A12: 11 | B12: 29.9384 | C12: 16006.6
A13: 12 | B13: 30.7812 | C13: 16070.2
... A151: 150 | B151: 1.4075201 | C151: 333.13501

Sheet L-8910
A1: Elevation (cm bgs) | B1: PFOA | C1: PFOS
A2: 1 | B2: 23.711201 | C2: 7866.2402
A3: 2 | B3: 23.884399 | C3: 8091.2202
A4: 3 | B4: 24.0833 | C4: 8348.8203
A5: 4 | B5: 24.317101 | C5: 8635.7002
A6: 5 | B6: 24.601601 | C6: 9007.1396
A7: 6 | B7: 24.969801 | C7: 9371.5303
A8: 7 | B8: 25.515499 | C8: 9732.79
A9: 8 | B9: 27.6766 | C9: 10056.5
A10: 9 | B10: 28.4123 | C10: 10296.5
A11: 10 | B11: 29.1562 | C11: 10402.2
A12: 11 | B12: 29.936001 | C12: 10330.1
A13: 12 | B13: 30.7775 | C13: 10953.2
... A151: 150 | B151: 1.7273099 | C151: 386.44299

Sheet L-11
A1: Elevation (cm bgs) | B1: PFOA | C1: PFOS
A2: 1 | B2: 23.711599 | C2: 8477.1299
A3: 2 | B3: 23.884899 | C3: 8773.6699
A4: 3 | B4: 24.0839 | C4: 9120.3398
A5: 4 | B5: 24.317801 | C5: 9518.6602
A6: 5 | B6: 24.602699 | C6: 10115.8
A7: 6 | B7: 24.971701 | C7: 10659.9
A8: 7 | B8: 25.5217 | C8: 11241.5
A9: 8 | B9: 27.6747 | C9: 11821.5
A10: 9 | B10: 28.412701 | C10: 12335.3
A11: 10 | B11: 29.157 | C11: 12702.5
A12: 11 | B12: 29.937201 | C12: 12848.1
A13: 12 | B13: 30.7792 | C13: 16597.301
... A151: 150 | B151: 1.63679 | C151: 243.33
